,FAD,LAD
Absarokius_abbotti,55.8,50.3
Acidomomys_hebeticus,56.8,55.8
Acrecebus_fraileyi,11.608,7.246
Adapis_parisiensis,41.3,38
Aegyptopithecus_zeuxis,33.9,28.1
Afradapis_longicristatus,38,33.9
Aframonius_dieides,33.9,28.1
Afrasia_djijidae,41.3,38
Afropithecus_turkanensis,22.4,20
Afrotarsius_chatrathi,33.9,28.1
Afrotarsius_libycus,46.8,33.9
Agerinia_marandati,56,47.8
Agerinia_roselli,56,47.8
Agerinia_smithorum,56,47.8
Algeripithecus_minutus,56,41.3
Allenopithecus_nigroviridis,0,0
Allocebus_trichotis,0,0
Allochrocebus_lhoesti,0,0
Allochrocebus_solatus,0,0
Alophia_metios,23.03,15.97
Alouatta_belzebul,0,0
Alouatta_caraya,0,0
Alouatta_coibensis,0,0
Alouatta_guariba,0,0
Alouatta_macconnelli,0,0
Alouatta_nigerrima,0,0
Alouatta_palliatus,0,0
Alouatta_pigra,0,0
Alouatta_sara,0,0
Alouatta_seniculus,0,0
Altanius_orlovi,55.8,48.6
Altiatlasius_koulchii,59.2,56
Anapithecus_hernyaki,11.1,9.7
Anaptomorphus_aemulus,50.3,46.2
Anaptomorphus_westi,50.3,46.2
Anasazia_williamsoni,63.3,61.7
Anchomomys_frontanyensis,41.3,38
Anchomomys_gaillardi,56,41.3
Anchomomys_milleri,33.9,28.1
AnchomomysFendantia_pygmaeus,41.3,38
AnchomomysHuerzeleris_quercyi,41.3,38
Anemorhysis_natronensis,50.3,46.2
Anemorhysis_pattersoni,55.8,50.3
Anemorhysis_savagei,55.8,50.3
Anemorhysis_sublettensis,55.8,50.3
Anemorhysis_wortmani,55.8,50.3
Antillothrix_bernensis,0.004458,0.004066
Aotus_azarae,0,0
Aotus_brumbacki,0,0
Aotus_dindensis,16.3,15.5
Aotus_griseimembra,0,0
Aotus_lemurinus,0,0
Aotus_nancymaae,0,0
Aotus_nigriceps,0,0
Aotus_trivirgatus,0,0
Aotus_vociferans,0,0
Apidium_bowni,33.9,28.1
Apidium_moustafai,33.9,28.1
Apidium_phiomense,33.9,28.1
Apidium_zuetina,33.9,28.4
Arapahovius_advena,55.8,50.3
Arapahovius_gazini,55.8,50.3
Archaeoindris_fontoynontii,0.002149,0.002149
Archaeolemur_edwardsi,0.001,0.001
Archaeolemur_majori,0.0014,0.0014
Archicebus_achilles,55.8,48.6
Arcius_fuscus,56,47.8
Arcius_hookeri,56,47.8
Arcius_ilerdensis,56,47.8
Arcius_lapparenti,56,47.8
Arcius_rougieri,56,47.8
Arcius_zbyszewskii,56,47.8
Arctocebus_aureus,0,0
Arctocebus_calabarensis,0,0
Ardipithecus_ramidus,5.333,3.6
Arsinoea_kallimos,33.9,28.1
Aseanpithecus_myanmarensis,41.3,38
Asiadapis_cambayensis,56,47.8
Ateles_belzebuth,0,0
Ateles_chamek,0,0
Ateles_fusciceps,0,0
Ateles_geoffroyi,0,0
Ateles_hybridus,0,0
Ateles_marginatus,0,0
Ateles_paniscus,0,0
Australopithecus_africanus,3.6,2.588
Australopithecus_anamensis,5.333,2.588
Australopithecus_deyiremeda,5.333,2.588
Australopithecus_garhi,5.333,2.588
Australopithecus_sediba,3.6,2.588
Avahi_betsilio,0,0
Avahi_cleesei,0,0
Avahi_laniger,0,0
Avahi_meridionalis,0,0
Avahi_occidentalis,0,0
Avahi_peyrierasi,0,0
Avahi_ramanantsoavani,0,0
Avahi_unicolor,0,0
Avenius_amatorum,56,47.8
Aycrossia_lovei,50.3,46.2
Azibius_trerki,56,41.3
Babakotia_radofilai,0.00484,0.00484
Bahinia_banyueae,33.9,28.4
Bahinia_pondaungensis,41.3,38
Barnesia_hauboldi,48.6,37.2
Berruvius_lasseroni,59.2,56
Biretia_fayumensis,38,33.9
Biretia_megalopsis,38,33.9
Biretia_piveteaui,41.3,33.9
Brachyteles_arachnoides,0,0
Brachyteles_hypoxanthus,0,0
Branisella_boliviana,29,21
Brontomomys_cerutti,46,44
Bugtilemur_mathesoni,33.9,28.4
Bugtipithecus_inexpectans,33.9,28.4
Cacajao_calvus,0,0
Cacajao_hosomi,0,0
Cacajao_melanocephalus,0,0
Caenopithecus_lemuroides,47.8,41.3
Callicebus_coimbrai,0,0
Callicebus_nigrifrons,0,0
Callicebus_personatus,0,0
Callimico_goeldii,0,0
Callithrix_aurita,0,0
Callithrix_geoffroyi,0,0
Callithrix_jacchus,0,0
Callithrix_kuhlii,0,0
Callithrix_penicillata,0,0
Canaanimico_amazonensis,28.4,23.03
Cantius_abditus,55.8,50.3
Cantius_eppsi,56,48.6
Cantius_frugivorus,55.8,50.3
Cantius_mckennai,55.8,50.3
Cantius_nunienus,55.8,50.3
Cantius_ralstoni,55.8,50.3
Cantius_torresi,55.8,50.3
Cantius_trigonodus,55.8,50.3
Cantius_UM_81825,55.8,50.3
Cantius_UM_86543,55.8,50.3
Carlito_syrichta,0,0
Carlocebus_carmenensis,23.03,15.97
Carlocebus_intermedius,23.03,15.97
Carpocristes_oriens,55.8,48.6
Carpodaptes_aulacodon,61.7,56.8
Carpodaptes_cygneus,61.7,56.8
Carpodaptes_hazelae,61.7,56.8
Carpodaptes_hobackensis,61.7,56.8
Carpodaptes_jepseni,58.7,56.8
Carpodaptes_rosei,61.7,56.8
Carpodaptes_stonleyi,58.7,56.8
Carpolestes_dubius,58.7,56.8
Carpolestes_nigridens,58.7,55.8
Carpolestes_simpsoni,56.8,55.8
Catarrhini_indet_CPI_dash_6487,37.2,33.9
Catopithecus_browni,33.9,28.1
Cebuella_pygmaea,0,0
Cebupithecia_sarmientoi,13.8,11.8
Cebus_albifrons,0,0
Cebus_capucinus,0,0
Cebus_kaapori,0,0
Cebus_olivaceus,0,0
Cebus_unicolor,0,0
Cebus_versicolor,0,0
Cephalopachus_bancanus,0,0
Cercocebus_agilis,0,0
Cercocebus_atys,0,0
Cercocebus_chrysogaster,0,0
Cercocebus_galeritus,0,0
Cercocebus_torquatus,0,0
Cercopithecus_albogularis,0,0
Cercopithecus_ascanius,0,0
Cercopithecus_campbelli,0,0
Cercopithecus_cephus,0,0
Cercopithecus_denti,0,0
Cercopithecus_diana,0,0
Cercopithecus_doggetti,0,0
Cercopithecus_dryas,0,0
Cercopithecus_erythrogaster,0,0
Cercopithecus_erythrotis,0,0
Cercopithecus_hamlyni,0,0
Cercopithecus_kandti,0,0
Cercopithecus_mitis,0,0
Cercopithecus_mona,0,0
Cercopithecus_neglectus,0,0
Cercopithecus_nictitans,0,0
Cercopithecus_petaurista,0,0
Cercopithecus_pogonias,0,0
Cercopithecus_roloway,0,0
Cercopithecus_wolfi,0,0
Chalicomomys_antelucanus,55.8,50.3
Cheirogaleus_crossleyi,0,0
Cheirogaleus_lavasoensis,0,0
Cheirogaleus_major,0,0
Cheirogaleus_medius,0,0
Cheirogaleus_sibreei,0,0
Cheracebus_lugens,0,0
Cheracebus_purinus,0,0
Cheracebus_torquatus,0,0
Chilecebus_carrascoensis,21,17.5
Chiromyoides_caesor,58.7,55.8
Chiromyoides_campanicus,59.2,56
Chiromyoides_major,56.8,55.8
Chiromyoides_mauberti,58.7,55.8
Chiromyoides_minor,61.7,56.8
Chiromyoides_potior,61.7,56.8
Chiropotes_albinasus,0,0
Chiropotes_chiropotes,0,0
Chiropotes_israelita,0,0
Chiropotes_satanas,0,0
Chiropotes_utahickae,0,0
Chlorocebus_aethiops,0,0
Chlorocebus_cynosuros,0,0
Chlorocebus_djamdjamensis,0,0
Chlorocebus_pygerythrus,0,0
Chlorocebus_sabaeus,0,0
Chlorocebus_tantalus,0,0
Chronolestes_simul,55.8,48.6
Chumashius_balchi,40.4,37.2
Colobinae_indet_KNM_dash_BN_1251,12.51,12.47
Colobinae_indet_KNM_dash_TH_48368,12.51,12.47
Colobus_angolensis,0,0
Colobus_guereza,0,0
Colobus_polykomos,0,0
Colobus_satanas,0,0
Colobus_vellerosus,0,0
Copelemur_australotutus,55.8,50.3
Copelemur_praetutus,55.8,50.3
Copelemur_tutus,55.8,50.3
Crouzelia_auscitanensis,13.65,12.75
Crouzelia_rhodanica,12.75,11.1
Darwinius_masillae,48.6,40.4
Daubentonia_madagascariensis,0,0
Daubentonia_robusta,0.001,0.001
Diablomomys_dalquesti,46.2,40.4
Dinopithecus_ingens,2.588,0.781
Dionysopithecus_shuangouensis,20.44,15.97
Djebelemur_martinezi,56,41.3
Dolichocebus_annectens,16.3,15.5
Dolichocebus_gaimanensis,21,17.5
Donrussellia_gallica,55.8,48.6
Donrussellia_provincialis,55.8,48.6
Dryomomys_szalayi,58.7,55.8
Dryopithecus_brancoi,11.1,9.7
Dryopithecus_crusafonti,11.1,9.7
Dryopithecus_fontani,12.75,11.1
Dyseolemur_pacificus,46.2,40.4
Edworthia_lerbekmoi,63.3,61.7
Egarapithecus_narcisoi,11.608,8.7
Ekgmowechashala_philotau,30.8,26.3
Ekwiiyemakius_walshi,46,44
Elphidotarsius_florencae,63.3,61.7
Elphidotarsius_russelli,61.7,56.8
Elphidotarsius_shotgunensis,61.7,56.8
Elphidotarsius_wightoni,61.7,56.8
Eosimias_centennicus,48.6,37.2
Eosimias_sinensis,48.6,37.2
Equatorius_africanus,23.03,15.97
Erythrocebus_patas,0,0
Eulemur_albifrons,0,0
Eulemur_cinereiceps,0,0
Eulemur_collaris,0,0
Eulemur_coronatus,0,0
Eulemur_flavifrons,0,0
Eulemur_fulvus,0,0
Eulemur_macaco,0,0
Eulemur_mongoz,0,0
Eulemur_rubriventer,0,0
Eulemur_rufifrons,0,0
Eulemur_rufus,0,0
Eulemur_sanfordi,0,0
Euoticus_elegantulus,0,0
Euoticus_pallidus,0,0
Europolemur_klatti,48.6,41.3
Foxomomys_fremdi,61.7,56.8
Galago_gallarum,0,0
Galago_matschiei,0,0
Galago_moholi,0,0
Galago_senegalensis,0,0
Galagoides_demidoff,0,0
Galagoides_thomasi,0,0
Ganlea_megacanina,41.3,38
Gatanthropus_micros,33.9,28.4
Gigantopithecus_blacki,0.781,0.126
Gorgopithecus_major,5.333,0.0117
Gorilla_beringei,0,0
Gorilla_gorilla,0,0
Graecopithecus_macedoniensis,11.608,8.7
Graecopithecus_sp_XIR_dash_1_et_RPI_dash_128,9.7,8.7
Griphopithecus_alpani,14.1,13.4
Guangxilemur_singsilai,33.9,28.4
Guangxilemur_tongi,37.2,33.9
Gunnelltarsius_randalli,46,44
Hadropithecus_stenognathus,0.0016,0.0016
Hapalemur_alaotrensis,0,0
Hapalemur_aureus,0,0
Hapalemur_griseus,0,0
Hapalemur_meridionalis,0,0
Hapalemur_occidentalis,0,0
Hemiacodon_gracilis,50.3,46.2
Hispanopithecus_sp_CL1_dash_18000,11.608,8.7
HispanopithecusHispanopithecus_laietanus,11.608,8.7
Hoanghonius_stehlini,48.6,37.2
Homo_antecessor,2.588,0.0117
Homo_cf_erectus_D2700_et_D2280_et_D2282,1.8,1.6
Homo_erectus,2.588,0.0117
Homo_georgicus,2.588,0.781
Homo_habilis,2.588,0.781
Homo_heidelbergensis,0.781,0.126
Homo_naledi,0.335,0.183
Homo_neanderthalensis,0.126,0.0117
Homo_platyops,3.57,3.3
Homo_rudolfensis,2.5,2.3
Homo_sapiens,0,0
Homunculus_patagonicus,17.5,16.3
Hoolock_hoolock,0,0
Hoolock_leuconedys,0,0
Hoolock_tianxing,0,0
Hylobates_abbotti,0,0
Hylobates_agilis,0,0
Hylobates_albibarbis,0,0
Hylobates_funereus,0,0
Hylobates_klossii,0,0
Hylobates_lar,0,0
Hylobates_moloch,0,0
Hylobates_muelleri,0,0
Hylobates_pileatus,0,0
Ignacius_clarkforkensis,56.8,55.8
Ignacius_fremontensis,63.3,61.7
Ignacius_frugivorus,63.3,61.7
Ignacius_graybullianus,56.8,55.8
Indraloris_himalayensis,11.608,5.333
Indraloris_kamlialensis,15.2,15.2
Indraloris_sp_YGSP_32152,16.8,15.2
Indri_indri,0,0
Insulacebus_toussaintiana,0.0117,0.001443
Jemezius_szalayi,55.8,50.3
Kalepithecus_songhorensis,20.44,15.97
Kamoyapithecus_hamiltoni,28.4,23.03
Karanisia_clarki,38,33.9
Kenyapithecus_wickeri,13.82,11.62
Komba_robustus,22.4,20
Krabia_minuta,37.2,33.9
Kyitchaungia_takaii,41.3,38
Laccopithecus_robustus,8.7,7.246
Lagonimico_conclucatus,13.8,11.8
Lagothrix_cana,0,0
Lagothrix_flavicauda,0,0
Lagothrix_lagotricha,0,0
Lagothrix_lugens,0,0
Lagothrix_poeppigii,0,0
Laomaki_yunnanensis,33.9,28.4
Lemur_catta,0,0
Leontocebus_fuscicollis,0,0
Leontocebus_lagonotus,0,0
Leontocebus_nigricollis,0,0
Leontocebus_tripartitus,0,0
Leontocebus_weddelli,0,0
Leontopithecus_chrysomelas,0,0
Leontopithecus_chrysopygus,0,0
Leontopithecus_rosalia,0,0
Lepilemur_aeeclis,0,0
Lepilemur_ahmansoni,0,0
Lepilemur_ankaranensis,0,0
Lepilemur_betsileo,0,0
Lepilemur_dorsalis,0,0
Lepilemur_edwardsi,0,0
Lepilemur_fleuretae,0,0
Lepilemur_grewcockorum,0,0
Lepilemur_hollandorum,0,0
Lepilemur_hubbardorum,0,0
Lepilemur_jamesorum,0,0
Lepilemur_leucopus,0,0
Lepilemur_microdon,0,0
Lepilemur_milanoii,0,0
Lepilemur_mittermeieri,0,0
Lepilemur_mustelinus,0,0
Lepilemur_otto,0,0
Lepilemur_petteri,0,0
Lepilemur_randrianasoloi,0,0
Lepilemur_ruficaudatus,0,0
Lepilemur_sahamalazensis,0,0
Lepilemur_scottorum,0,0
Lepilemur_seali,0,0
Lepilemur_septentrionalis,0,0
Lepilemur_tymerlachsoni,0,0
Lepilemur_wrighti,0,0
Leptadapis_magnus,41.3,38
LeptadapisParadapis_priscus,41.3,38
Limnopithecus_evansi,20.44,15.97
Limnopithecus_legetet,20.44,15.97
Limnopithecus_macinnesi,20,17
Lomorupithecus_harrisoni,20.44,15.97
Lophocebus_albigena,0,0
Lophocebus_aterrimus,0,0
Lophocebus_sp_KNM_dash_ER_594_et_595_et_827_et_898_et_965_et_1661_et_3090_et_6014_et_6063_et_18922_et_40476_et_44260_et_44262_et_44317,2,1.38
Loris_lydekkerianus,0,0
Loris_tardigradus,0,0
Loveina_minuta,55.8,50.3
Loveina_sheai,55.8,50.3
Loveina_wapitiensis,55.8,50.3
Loveina_zephyri,55.8,50.3
Lufengpithecus_lufengensis,11.62,7.246
Lushius_qinlinensis,48.6,37.2
Macaca_arctoides,0,0
Macaca_assamensis,0,0
Macaca_cyclopis,0,0
Macaca_fascicularis,0,0
Macaca_fuscata,0,0
Macaca_hecki,0,0
Macaca_leonina,0,0
Macaca_leucogenys,0,0
Macaca_maura,0,0
Macaca_mulatta,0,0
Macaca_munzala,0,0
Macaca_nemestrina,0,0
Macaca_nigra,0,0
Macaca_nigrescens,0,0
Macaca_ochreata,0,0
Macaca_pagensis,0,0
Macaca_radiata,0,0
Macaca_siberu,0,0
Macaca_silenus,0,0
Macaca_sinica,0,0
Macaca_sylvanus,0,0
Macaca_thibetana,0,0
Macaca_tonkeana,0,0
Macrotarsius_jepseni,46.2,40.4
Macrotarsius_montanus,40.4,37.2
Macrotarsius_siegerti,46.2,40.4
Mahgarita_stevensi,46.2,40.4
Mandrillus_leucophaeus,0,0
Mandrillus_sphinx,0,0
Marcgodinotius_indicus,56,47.8
Masradapis_tahai,38,33.9
Mazateronodon_endemicus,41.3,38
Mazzonicebus_almendrae,21,17.5
Megadelphus_lundeliusi,55.8,50.3
Megaladapis_edwardsi,0.001,0.001
Megaladapis_grandidieri,0.001,0.001
Megaladapis_madagascariensis,0.00276,0.00276
Melaneremia_bryanti,56,47.8
Melaneremia_schrevei,56,47.8
Mescalerolemur_horneri,46.2,40.4
Mesopithecus_pentelicus,7.246,5.333
Mesopropithecus_dolichobrachion,0.0014,0.0014
Mesopropithecus_pithecoides,0.0014,0.0014
Mico_argentatus,0,0
Mico_emiliae,0,0
Mico_humeralifera,0,0
Mico_humilis,0,0
Mico_mauesi,0,0
Mico_saterei,0,0
Microadapis_sciureus,41.3,38
Microcebus_arnholdi,0,0
Microcebus_berthae,0,0
Microcebus_bongolavensis,0,0
Microcebus_danfossi,0,0
Microcebus_gerpi,0,0
Microcebus_griseorufus,0,0
Microcebus_jollyae,0,0
Microcebus_lehilahytsara,0,0
Microcebus_macarthurii,0,0
Microcebus_mamiratra,0,0
Microcebus_margotmarshae,0,0
Microcebus_marohita,0,0
Microcebus_mittermeieri,0,0
Microcebus_murinus,0,0
Microcebus_myoxinus,0,0
Microcebus_ravelobensis,0,0
Microcebus_rufus,0,0
Microcebus_sambiranensis,0,0
Microcebus_simmonsi,0,0
Microcebus_tanosi,0,0
Microcebus_tavaratra,0,0
Microchoerus_erinaceus,41.3,38
Microcolobus_sp_KNM_NA_305,10.5,8.5
Microcolobus_tugenensis,13.82,11.62
Micromomys_silvercouleei,61.7,56.8
Micropithecus_clarki,20.44,15.97
Micropithecus_leakeyorum,13.82,11.62
Microsyops_annectens,50.3,46.2
Microsyops_knightensis,55.8,50.3
Microsyops_latidens,55.8,50.3
Miopithecus_ogouensis,0,0
Miopithecus_talapoin,0,0
Mirza_coquereli,0,0
Mirza_zaza,0,0
Mohanamico_hershkovitzi,13.8,11.8
Morotopithecus_bishopi,22.4,20
Muangthanhinius_siami,37.2,33.9
Myanmarpithecus_yarshensis,41.3,38
Nannodectes_gazini,61.7,56.8
Nannodectes_gidleyi,61.7,56.8
Nannodectes_intermedius,61.7,56.8
Nannodectes_simpsoni,61.7,56.8
Nannopithex_filholi,47.8,40.4
Nannopithex_humilidens,48.6,37.2
Nannopithex_sp_Halle_4254,48.6,40.4
Nannopithex_zuccolae,55.8,48.6
Nanopithecus_browni,4.195,3.4
Nasalis_larvatus,0,0
Navajovius_kohlhaasae,61.7,56.8
Necrolemur_antiquus,41.3,38
Necrolemur_zitteli,41.3,38
Neosaimiri_fieldsi,13.8,11.8
Nievesia_sossisensis,38,33.9
Niptomomys_doreenae,56.8,55.8
Nomascus_concolor,0,0
Nomascus_gabriellae,0,0
Nomascus_hainanus,0,0
Nomascus_leucogenys,0,0
Nomascus_nasutus,0,0
Nomascus_siki,0,0
Noropithecus_bulukensis,23.03,15.97
Nosmips_aenigmaticus,38,33.9
Notharctus_robinsoni,55.8,50.3
Notharctus_robustior,50.3,46.2
Notharctus_tenebrosus,50.3,46.2
Notharctus_venticolus,55.8,50.3
Nsungwepithecus_gunnelli,28.4,23.03
Nuciruptor_rubricae,13.8,11.8
Nyanzapithecus_alesi,13.82,11.62
Nyanzapithecus_harrisoni,15.97,11.608
Nyanzapithecus_pickfordi,15.97,13.82
Nyanzapithecus_vancouveringorum,18.5,17
Nycticeboides_simpsoni,9.1,7.8
Nycticebus_bengalensis,0,0
Nycticebus_coucang,0,0
Nycticebus_javanicus,0,0
Nycticebus_menagensis,0,0
Nycticebus_pygmaeus,0,0
Oligopithecus_rogeri,33.9,28.4
Oligopithecus_savagei,33.9,28.1
Oligotarsius_rarus,33.9,28.4
Omomys_carteri,50.3,46.2
Omomys_lloydi,50.3,46.2
Oreopithecus_bambolii,8.7,5.333
Otavipithecus_namibiensis,15.97,11.608
Otolemur_crassicaudatus,0,0
Otolemur_garnettii,0,0
Otolemur_monteiri,0,0
Ourayia_uintensis,46.2,40.4
Pachylemur_insignis,0.0117,0.0117
Pachylemur_jullyi,0.0117,0.0117
Palaechthon_alticuspis,63.3,61.7
Palaechthon_torrejonius,63.3,61.7
Palaechthon_woodi,63.3,61.7
Palaeopropithecus_ingens,0.001,0.001
Palaeopropithecus_maximus,0.00216,0.00216
Palenochtha_minor,63.3,61.7
Palenochtha_weissae,63.3,61.7
Pan_paniscus,0,0
Pan_troglodytes,0,0
Panamacebus_transitus,30.8,20.43
Pandemonium_dis,66,63.3
Panobius_russelli,56,47.8
Papio_anubis,0,0
Papio_cynocephalus,0,0
Papio_hamadryas,0,0
Papio_izodi,5.333,0.781
Papio_kindae,0,0
Papio_papio,0,0
Papio_quadratirostris,3,3
Papio_robinsoni,1.806,0.781
Papio_ursinus,0,0
Paragalago_cocos,0,0
Paragalago_granti,0,0
Paragalago_orinus,0,0
Paragalago_rondoensis,0,0
Paragalago_zanzibaricus,0,0
Paralouatta_marianae,23.03,15.97
Paralouatta_varonai,2.588,0.005
Paranthropus_aethiopicus,2.7,2.33
Paranthropus_boisei,3.6,0.781
Paranthropus_robustus,2.588,0.781
Parapapio_ado,3.6,1.806
Parapapio_angusticeps,5.333,0.0117
Parapapio_broomi,3.6,2.588
Parapapio_jonesi,5.333,3.6
Parapapio_lothagamensis,11.62,7.246
Parapapio_whitei,3.6,1.806
Parapithecus_fraasi,33.9,28.1
Paromomys_depressidens,63.3,61.7
Paromomys_farrandi,63.3,61.7
Paromomys_maturus,63.3,61.7
Parvimico_materdei,17.5,16.3
Patasola_magdalenae,13.8,11.8
Paukkaungia_parva,41.3,38
Pelycodus_jarrovii,55.8,50.3
Periconodon_huerzeleri,47.8,41.3
Perodicticus_edwardsi,0,0
Perodicticus_ibeanus,0,0
Perodicticus_potto,0,0
Perupithecus_ucayaliensis,37.2,33.9
Phaner_electromontis,0,0
Phaner_furcifer,0,0
Phaner_pallescens,0,0
Phaner_parienti,0,0
Phenacolemur_archus,61.7,56.8
Phenacolemur_praecox,56.8,55.8
Phenacolemur_simonsi,56.8,55.8
Phenacopithecus_krishtalkai,48.6,37.2
Phenacopithecus_xueshii,48.6,37.2
Phileosimias_brahuiorum,33.9,28.4
Phileosimias_kamali,33.9,28.4
Picromomys_petersonorum,55.8,50.3
Pierolapithecus_catalaunicus,12.75,11.1
Piliocolobus_badius,0,0
Piliocolobus_foai,0,0
Piliocolobus_gordonorum,0,0
Piliocolobus_kirkii,0,0
Piliocolobus_pennantii,0,0
Piliocolobus_preussi,0,0
Piliocolobus_rufomitratus,0,0
Piliocolobus_tephrosceles,0,0
Piliocolobus_tholloni,0,0
Pithecia_irrorata,0,0
Pithecia_monachus,0,0
Pithecia_pithecia,0,0
Platychoerops_antiquus,59.2,56
Platychoerops_boyeri,58.7,55.8
Platychoerops_daubrei,56,47.8
Platychoerops_richardsoni,56,47.8
Platychoerops_russelli,56,47.8
Plecturocebus_bernhardi,0,0
Plecturocebus_brunneus,0,0
Plecturocebus_caligatus,0,0
Plecturocebus_cinerascens,0,0
Plecturocebus_cupreus,0,0
Plecturocebus_discolor,0,0
Plecturocebus_donacophilus,0,0
Plecturocebus_hoffmannsi,0,0
Plecturocebus_miltoni,0,0
Plecturocebus_moloch,0,0
Plecturocebus_ornatus,0,0
Plesiadapis_anceps,61.7,56.8
Plesiadapis_churchilli,61.7,56.8
Plesiadapis_cookei,56.8,55.8
Plesiadapis_dubius,61.7,56.8
Plesiadapis_fodinatus,61.7,56.8
Plesiadapis_gingerichi,61.7,56.8
Plesiadapis_insignis,59.2,56
Plesiadapis_ploegi,58.7,55.8
Plesiadapis_praecursor,61.7,56.8
Plesiadapis_remensis,59.2,56
Plesiadapis_rex,61.7,56.8
Plesiadapis_russelli,56,47.8
Plesiadapis_simonsi,61.7,56.8
Plesiadapis_tricuspidens,59.2,56
Plesiadapis_walbeckensis,61.6,59.2
Plesiolestes_nacimienti,66,63.3
Plesiolestes_problematicus,63.3,61.7
Plesiopithecus_teras,33.9,28.1
Plesiopliopithecus_lockeri,15.97,11.608
Pliobates_cataloniae,11.628,11.628
Pliopapio_alemui,5.2,4.2
Pliopithecus_antiquus,15.97,13.82
Pliopithecus_vindobonensis,13.65,12.75
Pondaungia_cotteri,41.3,38
Pongo_abelii,0,0
Pongo_pygmaeus,0,0
Pongo_tapanuliensis,0,0
Praeanthropus_africanus,7.246,5.333
Premnoides_douglassi,63.3,61.7
Presbytis_bicolor,0,0
Presbytis_chrysomelas,0,0
Presbytis_comata,0,0
Presbytis_femoralis,0,0
Presbytis_frontata,0,0
Presbytis_hosei,0,0
Presbytis_melalophos,0,0
Presbytis_mitrata,0,0
Presbytis_potenziani,0,0
Presbytis_rubicunda,0,0
Presbytis_siberu,0,0
Presbytis_thomasi,0,0
Procercocebus_antiquus,5.332,0.0117
Procolobus_verus,0,0
Proconsul_africanus,20.44,15.97
Proconsul_heseloni,20.44,15.97
Proconsul_major,20.44,15.97
Proconsul_nyanzae,13.82,11.62
Prohylobates_tandyi,16.9,15.97
Prolemur_simus,0,0
Pronothodectes_gaoi,61.7,56.8
Pronothodectes_jepi,63.3,61.7
Pronothodectes_matthewi,63.3,61.7
Pronycticebus_gaudryi,55.8,40.4
Pronycticebus_neglectus,48.6,40.4
Propithecia_neuquenensis,15.5,13.8
Propithecus_candidus,0,0
Propithecus_coquereli,0,0
Propithecus_coronatus,0,0
Propithecus_deckenii,0,0
Propithecus_diadema,0,0
Propithecus_edwardsi,0,0
Propithecus_perrieri,0,0
Propithecus_tattersalli,0,0
Propithecus_verreauxi,0,0
Propliopithecus_ankeli,33.9,28.1
Propliopithecus_chirobates,33.9,28.1
Propliopithecus_haeckeli,33.9,28.1
Propotto_leakeyi,20,18
Proteopithecus_sylviae,33.9,28.1
Protoadapis_curvicuspidens,48.6,37.2
Pseudoloris_parvulus,37.2,33.9
Purgatorius_coracis,66,63.3
Purgatorius_janisae,66,63.3
Purgatorius_titusi,66,63.3
Purgatorius_unio,66,63.3
Pygathrix_cinerea,0,0
Pygathrix_nemaeus,0,0
Pygathrix_nigripes,0,0
Qatrania_basiodontos,33.9,28.1
Qatrania_wingi,33.9,28.1
Ramadapis_sahnii,14,11
Rangwapithecus_gordoni,20,19
Rencunius_wui,37.2,33.9
Rencunius_zhoui,48.6,37.2
Rhinopithecus_avunculus,0,0
Rhinopithecus_bieti,0,0
Rhinopithecus_brelichi,0,0
Rhinopithecus_lantianensis,0.126,0.0117
Rhinopithecus_roxellana,0,0
Rhinopithecus_strykeri,0,0
Rhinopithecus_tingianus,0.781,0.126
Rooneyia_viejaensis,40.4,37.2
Rukwapithecus_fleaglei,28.4,23.03
Rungwecebus_kipunji,0,0
Saadanius_hijazensis,29,28
Saguinus_bicolor,0,0
Saguinus_geoffroyi,0,0
Saguinus_graellsi,0,0
Saguinus_imperator,0,0
Saguinus_labiatus,0,0
Saguinus_leucopus,0,0
Saguinus_martinsi,0,0
Saguinus_melanoleucus,0,0
Saguinus_midas,0,0
Saguinus_mystax,0,0
Saguinus_niger,0,0
Saguinus_oedipus,0,0
Saharagalago_misrensis,38,33.9
Sahelanthropus_tchadensis,7.246,5.333
Saimiri_boliviensis,0,0
Saimiri_collinsi,0,0
Saimiri_oerstedii,0,0
Saimiri_sciureus,0,0
Saimiri_ustus,0,0
Sapajus_apella,0,0
Sapajus_libidinosus,0,0
Sapajus_robustus,0,0
Sapajus_xanthosternos,0,0
Sarnacius_gingerichi,59.2,56
Saxonella_crepaturae,61.6,59.2
Saxonella_naylori,61.7,56.8
Sciurocheirus_alleni,0,0
Sciurocheirus_gabonensis,0,0
Semnopithecus_entellus,0,0
Semnopithecus_hector,0,0
Semnopithecus_johnii,0,0
Semnopithecus_priam,0,0
Semnopithecus_vetulus,0,0
Serapia_eocaena,33.9,28.1
Shoshonius_cooperi,55.8,50.3
Siamoadapis_maemohensis,15.97,11.608
Siamopithecus_eocaenus,37.2,33.9
Simias_concolor,0,0
Simiolus_enjiessi,20.44,15.97
Simiolus_minutus,12.56,12.3
Simonsius_grangeri,33.9,28.1
Simpsonlemur_citatus,55.8,50.3
Simpsonlemur_jepseni,55.8,50.3
Sinoadapis_carnosus,11.62,7.246
Sinoadapis_shihuibaensis,11.608,5.333
Sivaladapis_nagrii,9.23,8.6
Sivaladapis_palaeindicus,13.65,11.1
Sivapithecus_indicus,11.608,11.1
Sivapithecus_meteai,11.1,9.7
Sivapithecus_parvada,10,10
Smilodectes_gracilis,50.3,46.2
Smilodectes_mcgrewi,50.3,46.2
Smilodectes_sororis,50.3,46.2
Soriacebus_adrianae,23.03,15.97
Soriacebus_ameghinorum,23.03,15.97
Sphacorhysis_burntforkensis,50.3,46.2
Steinius_vespertinus,55.8,50.3
Stirtonia_tatacoensis,13.8,11.8
Stirtonia_victoriae,13.8,11.8
Stockia_powayensis,46.2,40.4
Strigorhysis_bridgerensis,55.8,50.3
Subengius_mengi,58.7,55.8
Symphalangus_syndactylus,0,0
Talahpithecus_parvus,48.6,33.9
Tarka_stylifera,46.2,40.4
Tarkadectes_montanensis,46.2,40.4
Tarkops_mckennai,48.6,37.2
Tarsius_dentatus,0,0
Tarsius_fuscus,0,0
Tarsius_lariang,0,0
Tarsius_sangirensis,0,0
Tarsius_sirindhornae,13.65,12.75
Tarsius_tarsier,0,0
Tarsius_wallacei,0,0
Teilhardina_americana,55.8,50.3
Teilhardina_asiatica,55.8,48.6
Teilhardina_belgica,56,47.8
Teilhardina_brandti,55.8,50.3
Teilhardina_crassidens,55.8,50.3
Teilhardina_demissa,55.8,50.3
Teilhardina_magnoliana,55.8,50.3
Teilhardina_tenuicula,55.8,50.3
Tetonius_homunculus,55.8,48.6
Tetonius_matthewi,55.8,50.3
Tetonius_mckennai,55.8,50.3
Tetonoides_pearcei,55.8,50.3
Theropithecus_gelada,0,0
Theropithecus_oswaldi,2.588,0.126
Theropithecus_sp_M2974_et_MP44_et_MP217_et_MP222_et_NME_AL_58_dash_23_et_134_dash_5_et_142_dash_19_et_144_dash_1_et_153_dash_14_et_163_dash_11_et_186_dash_17_et_187_dash_10_et_196_dash_3_et_205_dash_1_et_208_dash_10_et_321_dash_12_et_416_dash_2,3.5,2.4
TheropithecusOmopithecus_baringensis,3,2
TheropithecusOmopithecus_brumpti,5.333,3.6
Tinimomys_graybulliensis,56.8,55.8
Torrejonia_wilsoni,63.3,61.7
Trachypithecus_auratus,0,0
Trachypithecus_barbei,0,0
Trachypithecus_crepusculus,0,0
Trachypithecus_cristatus,0,0
Trachypithecus_delacouri,0,0
Trachypithecus_francoisi,0,0
Trachypithecus_geei,0,0
Trachypithecus_germaini,0,0
Trachypithecus_hatinhensis,0,0
Trachypithecus_laotum,0,0
Trachypithecus_mauritius,0,0
Trachypithecus_obscurus,0,0
Trachypithecus_phayrei,0,0
Trachypithecus_pileatus,0,0
Trachypithecus_poliocephalus,0,0
Tremacebus_harringtoni,21,17.5
Trogolemur_amplior,55.8,50.3
Trogolemur_fragilis,50.3,46.2
Trogolemur_myodes,55.8,50.3
Turkanapithecus_kalakolensis,20.44,15.97
Ucayalipithecus_perdita,37.2,33.9
Uintanius_ameghini,50.3,46.2
Uintanius_rutherfurdi,50.3,46.2
Utahia_carina,50.3,46.2
Utahia_kayi,50.3,46.2
Varecia_rubra,0,0
Varecia_variegata,0,0
Vectipithex_quaylei,41.3,38
Vectipithex_raabi,47.8,41.3
Vectipithex_smithorum,38,33.9
Vectipithex_ulmensis,38,33.9
Victoriapithecus_macinnesi,22.4,20
Wadilemur_elegans,33.9,28.1
Wailekia_orientale,37.2,33.9
Walshina_esmaraldensis,46.2,40.4
Walshina_mcgrewi,50.3,46.2
Walshina_shifrae,46.2,40.4
Washakius_insignis,55.8,50.3
Washakius_woodringi,46.2,40.4
Xanthorhysis_tabrumi,48.6,37.2
Xenothrix_mcgregori,0.001511,0.001443
Yaquius_travisi,46.2,40.4
Yunnanadapis_folivorus,33.9,28.4
